<?xml version="1.0" encoding="UTF-8"?>
<project-private xmlns="http://www.netbeans.org/ns/project-private/1">
    <editor-bookmarks xmlns="http://www.netbeans.org/ns/editor-bookmarks/2" lastBookmarkId="0"/>
    <open-files xmlns="http://www.netbeans.org/ns/projectui-open-files/2">
        <group>
            <file>file:/D:/xampp/htdocs/task_management/resources/views/template/layout.blade.php</file>
            <file>file:/D:/xampp/htdocs/task_management/routes/web.php</file>
            <file>file:/D:/xampp/htdocs/task_management/app/Http/Middleware/AuthCheck.php</file>
            <file>file:/D:/xampp/htdocs/task_management/app/Http/Kernel.php</file>
            <file>file:/D:/xampp/htdocs/task_management/resources/views/user/dashboard.blade.php</file>
            <file>file:/D:/xampp/htdocs/task_management/resources/views/tasks/create.blade.php</file>
            <file>file:/D:/xampp/htdocs/task_management/app/Models/User.php</file>
            <file>file:/D:/xampp/htdocs/task_management/app/Http/Controllers/UserAuthController.php</file>
            <file>file:/D:/xampp/htdocs/task_management/resources/views/auth/login.blade.php</file>
            <file>file:/D:/xampp/htdocs/task_management/app/Http/Controllers/TaskController.php</file>
            <file>file:/D:/xampp/htdocs/task_management/resources/views/tasks/list.blade.php</file>
            <file>file:/D:/xampp/htdocs/task_management/.env</file>
            <file>file:/D:/xampp/htdocs/task_management/app/Models/Task.php</file>
            <file>file:/D:/xampp/htdocs/task_management/resources/views/tasks/edit.blade.php</file>
        </group>
    </open-files>
</project-private>
